{
  "contactData": [
    {
      "firstName": "Nathaniel",
      "lastName": "Lane",
      "email": "nathaniellane@hotmail.com",
      "phoneNumber": "17095724205",
      "message": "This is the first test message!",
      "time": "July 27, 2023 at 3:17:52 PM GMT-2:30",
      "id": 1
    },
    {
      "firstName": "Nathaniel",
      "lastName": "Lane",
      "email": "nathaniellane@hotmail.com",
      "phoneNumber": "17095724205",
      "message": "This is the second test message!",
      "time": "July 27, 2023 at 3:17:59 PM GMT-2:30",
      "id": 2
    },
    {
      "firstName": "Nathaniel",
      "lastName": "Lane",
      "email": "nathaniellane@hotmail.com",
      "phoneNumber": "17095724205",
      "message": "This is the third test message!",
      "time": "July 27, 2023 at 3:18:10 PM GMT-2:30",
      "id": 3
    },
    {
      "firstName": "Nathaniel",
      "lastName": "Lane",
      "email": "nathaniellane@hotmail.com",
      "phoneNumber": "17095724205",
      "message": "This is the fourth test message!",
      "time": "July 27, 2023 at 3:18:25 PM GMT-2:30",
      "id": 4
    },
    {
      "firstName": "jacinda",
      "lastName": "cAnning",
      "email": "jacindacanning@hotmail.com",
      "phoneNumber": "7092930501",
      "message": "i love you with all my heart this is awesome i kinda can use this keyboard sorta\nya know you brothers are always picking on each other when i am around'\nare you guys doing it on purpose to just drive your mother nuts?",
      "time": "July 27, 2023 at 3:22:49 PM GMT-2:30",
      "id": 5
    }
  ]
}